-- MySQL Script generated by MySQL Workbench
-- Fri Dec 11 10:56:27 2020
-- Model: New Model    Version: 1.0
-- MySQL Workbench Forward Engineering

SET @OLD_UNIQUE_CHECKS=@@UNIQUE_CHECKS, UNIQUE_CHECKS=0;
SET @OLD_FOREIGN_KEY_CHECKS=@@FOREIGN_KEY_CHECKS, FOREIGN_KEY_CHECKS=0;
SET @OLD_SQL_MODE=@@SQL_MODE, SQL_MODE='ONLY_FULL_GROUP_BY,STRICT_TRANS_TABLES,NO_ZERO_IN_DATE,NO_ZERO_DATE,ERROR_FOR_DIVISION_BY_ZERO,NO_ENGINE_SUBSTITUTION';

-- -----------------------------------------------------
-- Schema mydb
-- -----------------------------------------------------

-- -----------------------------------------------------
-- Schema mydb
-- -----------------------------------------------------
CREATE SCHEMA IF NOT EXISTS `mydb` DEFAULT CHARACTER SET utf8 ;
USE `mydb` ;

-- -----------------------------------------------------
-- Table `mydb`.`User`
-- -----------------------------------------------------
DROP TABLE IF EXISTS `mydb`.`User` ;

CREATE TABLE IF NOT EXISTS `mydb`.`User` (
  `id` INT NOT NULL,
  `name` VARCHAR(45) NULL,
  `surname` VARCHAR(45) NULL,
  `password` VARCHAR(45) NULL,
  `password` VARCHAR(45) NULL,
  `some column` VARCHAR(200) NULL,
  PRIMARY KEY (`id`))
ENGINE = InnoDB;


-- -----------------------------------------------------
-- Table `mydb`.`user`
-- -----------------------------------------------------
DROP TABLE IF EXISTS `mydb`.`user` ;

CREATE TABLE IF NOT EXISTS `mydb`.`user` (
  `username` VARCHAR(16) NOT NULL,
  `email` VARCHAR(255) NULL,
  `password` VARCHAR(32) NOT NULL,
  `create_time` TIMESTAMP NULL DEFAULT CURRENT_TIMESTAMP);


-- -----------------------------------------------------
-- Table `mydb`.`table1`
-- -----------------------------------------------------
DROP TABLE IF EXISTS `mydb`.`table1` ;

CREATE TABLE IF NOT EXISTS `mydb`.`table1` (
)
ENGINE = InnoDB;


-- -----------------------------------------------------
-- Table `mydb`.`project_user`
-- -----------------------------------------------------
DROP TABLE IF EXISTS `mydb`.`project_user` ;

CREATE TABLE IF NOT EXISTS `mydb`.`project_user` (
  `id` INT NOT NULL,
  `name` VARCHAR(255) NULL,
  `email` VARCHAR(255) NULL,
  `password` VARCHAR(255) NULL,
  `role` VARCHAR(255) NULL,
  `users_id` INT NOT NULL,
  `Projects_id` INT NOT NULL,
  PRIMARY KEY (`id`),
  INDEX `fk_project_user_users1_idx` (`users_id` ASC) VISIBLE,
  INDEX `fk_project_user_Projects1_idx` (`Projects_id` ASC) VISIBLE,
  CONSTRAINT `fk_project_user_users1`
    FOREIGN KEY (`users_id`)
    REFERENCES `mydb`.`users` (`id`)
    ON DELETE NO ACTION
    ON UPDATE NO ACTION,
  CONSTRAINT `fk_project_user_Projects1`
    FOREIGN KEY (`Projects_id`)
    REFERENCES `mydb`.`Projects` (`id`)
    ON DELETE NO ACTION
    ON UPDATE NO ACTION);


-- -----------------------------------------------------
-- Table `mydb`.`user_1`
-- -----------------------------------------------------
DROP TABLE IF EXISTS `mydb`.`user_1` ;

CREATE TABLE IF NOT EXISTS `mydb`.`user_1` (
  `username` VARCHAR(16) NOT NULL,
  `email` VARCHAR(255) NULL,
  `password` VARCHAR(32) NOT NULL,
  `role` VARCHAR(20) NULL);


-- -----------------------------------------------------
-- Table `mydb`.`user_2`
-- -----------------------------------------------------
DROP TABLE IF EXISTS `mydb`.`user_2` ;

CREATE TABLE IF NOT EXISTS `mydb`.`user_2` (
  `username` VARCHAR(16) NOT NULL,
  `email` VARCHAR(255) NULL,
  `password` VARCHAR(32) NOT NULL,
  `role` VARCHAR(20) NULL);


-- -----------------------------------------------------
-- Table `mydb`.`project_user`
-- -----------------------------------------------------
DROP TABLE IF EXISTS `mydb`.`project_user` ;

CREATE TABLE IF NOT EXISTS `mydb`.`project_user` (
  `id` INT NOT NULL,
  `name` VARCHAR(255) NULL,
  `email` VARCHAR(255) NULL,
  `password` VARCHAR(255) NULL,
  `role` VARCHAR(255) NULL,
  `users_id` INT NOT NULL,
  `Projects_id` INT NOT NULL,
  PRIMARY KEY (`id`),
  INDEX `fk_project_user_users1_idx` (`users_id` ASC) VISIBLE,
  INDEX `fk_project_user_Projects1_idx` (`Projects_id` ASC) VISIBLE,
  CONSTRAINT `fk_project_user_users1`
    FOREIGN KEY (`users_id`)
    REFERENCES `mydb`.`users` (`id`)
    ON DELETE NO ACTION
    ON UPDATE NO ACTION,
  CONSTRAINT `fk_project_user_Projects1`
    FOREIGN KEY (`Projects_id`)
    REFERENCES `mydb`.`Projects` (`id`)
    ON DELETE NO ACTION
    ON UPDATE NO ACTION);


-- -----------------------------------------------------
-- Table `mydb`.`user_3`
-- -----------------------------------------------------
DROP TABLE IF EXISTS `mydb`.`user_3` ;

CREATE TABLE IF NOT EXISTS `mydb`.`user_3` (
  `username` VARCHAR(16) NOT NULL,
  `email` VARCHAR(255) NULL,
  `password` VARCHAR(32) NOT NULL,
  `role` VARCHAR(20) NULL);


-- -----------------------------------------------------
-- Table `mydb`.`Projects`
-- -----------------------------------------------------
DROP TABLE IF EXISTS `mydb`.`Projects` ;

CREATE TABLE IF NOT EXISTS `mydb`.`Projects` (
  `id` INT NOT NULL,
  `name` VARCHAR(255) NOT NULL,
  `description` VARCHAR(255) UNIQUE NULL,
  `created_at` DATETIME NOT NULL,
  `updated_at` DATETIME NOT NULL,
  PRIMARY KEY (`id`));


-- -----------------------------------------------------
-- Table `mydb`.`project_user_1`
-- -----------------------------------------------------
DROP TABLE IF EXISTS `mydb`.`project_user_1` ;

CREATE TABLE IF NOT EXISTS `mydb`.`project_user_1` (
  `id` INT NOT NULL,
  `email` VARCHAR(255) NULL,
  `password` VARCHAR(32) NOT NULL,
  `role` VARCHAR(20) NULL,
  `name` VARCHAR(100) NOT NULL,
  PRIMARY KEY (`id`, `name`));


-- -----------------------------------------------------
-- Table `mydb`.`users`
-- -----------------------------------------------------
DROP TABLE IF EXISTS `mydb`.`users` ;

CREATE TABLE IF NOT EXISTS `mydb`.`users` (
  `id` INT NOT NULL,
  `name` VARCHAR(255) NULL,
  `email` VARCHAR(255) NULL,
  `password` VARCHAR(255) NULL,
  `role` VARCHAR(255) NULL,
  `avatar` VARCHAR(255) NULL,
  `nickname` VARCHAR(255) NULL,
  `created_at` DATETIME NULL,
  PRIMARY KEY (`id`));


-- -----------------------------------------------------
-- Table `mydb`.`project_user`
-- -----------------------------------------------------
DROP TABLE IF EXISTS `mydb`.`project_user` ;

CREATE TABLE IF NOT EXISTS `mydb`.`project_user` (
  `id` INT NOT NULL,
  `name` VARCHAR(255) NULL,
  `email` VARCHAR(255) NULL,
  `password` VARCHAR(255) NULL,
  `role` VARCHAR(255) NULL,
  `users_id` INT NOT NULL,
  `Projects_id` INT NOT NULL,
  PRIMARY KEY (`id`),
  INDEX `fk_project_user_users1_idx` (`users_id` ASC) VISIBLE,
  INDEX `fk_project_user_Projects1_idx` (`Projects_id` ASC) VISIBLE,
  CONSTRAINT `fk_project_user_users1`
    FOREIGN KEY (`users_id`)
    REFERENCES `mydb`.`users` (`id`)
    ON DELETE NO ACTION
    ON UPDATE NO ACTION,
  CONSTRAINT `fk_project_user_Projects1`
    FOREIGN KEY (`Projects_id`)
    REFERENCES `mydb`.`Projects` (`id`)
    ON DELETE NO ACTION
    ON UPDATE NO ACTION);


-- -----------------------------------------------------
-- Table `mydb`.`common_task_1`
-- -----------------------------------------------------
DROP TABLE IF EXISTS `mydb`.`common_task_1` ;

CREATE TABLE IF NOT EXISTS `mydb`.`common_task_1` (
  `id` INT UNIQUE NOT NULL,
  `project_id` INT NULL AUTO_INCREMENT,
  `name` VARCHAR(255) UNIQUE NULL,
  `description` VARCHAR(255) NULL,
  `status` VARCHAR(255) NOT NULL,
  `deadline` DATETIME UNIQUE NULL,
  `created_at` DATETIME NOT NULL,
  `updated_at` DATETIME NULL,
  `Projects_id` INT NOT NULL,
  PRIMARY KEY (`id`, `status`),
  INDEX `fk_common_task_1_Projects1_idx` (`Projects_id` ASC) VISIBLE,
  CONSTRAINT `fk_common_task_1_Projects1`
    FOREIGN KEY (`Projects_id`)
    REFERENCES `mydb`.`Projects` (`id`)
    ON DELETE NO ACTION
    ON UPDATE NO ACTION);


-- -----------------------------------------------------
-- Table `mydb`.`user's order with requirements`
-- -----------------------------------------------------
DROP TABLE IF EXISTS `mydb`.`user's order with requirements` ;

CREATE TABLE IF NOT EXISTS `mydb`.`user's order with requirements` (
  `id` INT NOT NULL,
  `order_id` INT NULL,
  `user_id` INT NULL,
  `common_task_1_id` INT UNIQUE NOT NULL,
  `common_task_1_status` VARCHAR(255) NOT NULL,
  `users_id` INT NOT NULL,
  PRIMARY KEY (`id`),
  INDEX `fk_user's order with requirements_common_task_11_idx` (`common_task_1_id` ASC, `common_task_1_status` ASC) VISIBLE,
  INDEX `fk_user's order with requirements_users1_idx` (`users_id` ASC) VISIBLE,
  CONSTRAINT `fk_user's order with requirements_common_task_11`
    FOREIGN KEY (`common_task_1_id` , `common_task_1_status`)
    REFERENCES `mydb`.`common_task_1` (`id` , `status`)
    ON DELETE NO ACTION
    ON UPDATE NO ACTION,
  CONSTRAINT `fk_user's order with requirements_users1`
    FOREIGN KEY (`users_id`)
    REFERENCES `mydb`.`users` (`id`)
    ON DELETE NO ACTION
    ON UPDATE NO ACTION);


-- -----------------------------------------------------
-- Table `mydb`.`common_task`
-- -----------------------------------------------------
DROP TABLE IF EXISTS `mydb`.`common_task` ;

CREATE TABLE IF NOT EXISTS `mydb`.`common_task` (
  `id`  NULL);


SET SQL_MODE=@OLD_SQL_MODE;
SET FOREIGN_KEY_CHECKS=@OLD_FOREIGN_KEY_CHECKS;
SET UNIQUE_CHECKS=@OLD_UNIQUE_CHECKS;

----------------------------------------------------------
START TRANSACTION;
USE `mydb`;

INSERT INTO `mydb`.`users` (`id`, `name`, `email`, `nickname`, `password`, `avatar`, `createdAt`) VALUES (1, 'Стеценко Богдан', 'devy.02@ukr.net', NULL, 'bogdan', 'hash', 'https://google.com/avatar.png', '2020-12-13 13:12:56', NULL);
INSERT INTO `mydb`.`users` (`id`, `name`, `email`, `nickname`, `password`, `avatar`, `createdAt`) VALUES (2, 'Підгайний Данило', 'danylo.pidgainyi@gmail.com', NULL, 'danylo', 'hash', 'https://google.com/avatar.png', '2020-12-13 13:12:56', NULL);
INSERT INTO `mydb`.`users` (`id`, `name`, `email`, `nickname`, `password`, `avatar`, `createdAt`) VALUES (3, 'Трибунська Кароліна', 'karolinatribunskaya@gmail.com', NULL, 'karolina', 'hash', 'https://google.com/avatar.png', '2020-12-13 13:12:56', NULL);
INSERT INTO `mydb`.`users` (`id`, `name`, `email`, `nickname`, `password`, `avatar`, `createdAt`) VALUES (4, 'Ільяш Вадим Вікторович', 'vadimiliah@gmail.com', NULL, 'vadim', 'hash', 'https://google.com/avatar.png', '2020-12-13 13:12:56', NULL);
INSERT INTO `mydb`.`users` (`id`, `name`, `email`, `nickname`, `password`, `avatar`, `createdAt`) VALUES (5, 'Виповський Артур', 'arturvypovskyy@gmail.com', NULL, 'artur', 'hash', 'https://google.com/avatar.png', '2020-12-13 13:12:56', NULL);
INSERT INTO `mydb`.`users` (`id`, `name`, `email`, `nickname`, `password`, `avatar`, `createdAt`) VALUES (6, 'Гулак Іван', 'g.ivan.gulak17@gmail.com', NULL, 'ivan', 'hash', 'https://google.com/avatar.png', '2020-12-13 13:12:56', NULL);
INSERT INTO `mydb`.`users` (`id`, `name`, `email`, `nickname`, `password`, `avatar`, `createdAt`) VALUES (7, 'Дромашко Артем', 'dvartem1508@gmail.com', NULL, 'artem', 'hash', 'https://google.com/avatar.png', '2020-12-13 13:12:56', NULL);

COMMIT;


-- -----------------------------------------------------
-- Data for table `projects_lab`.`tasks`
-- -----------------------------------------------------
START TRANSACTION;
USE `mydb`;
INSERT INTO `mydb`.`common_task_1` (`id`, `project_id`, `name`, `description`, `status`, `deadline`, `createdAt`, `updatedAt`) VALUES (1, 1, 'Створити базу даних', 'Створення бази даних з допомогою MySQL Server & Workbench', 'done', '2020-12-13 13:12:56', '2020-12-13 13:12:56', '2020-11-19 20:00:00');
INSERT INTO `mydb`.`common_task_1` (`id`, `project_id`, `name`, `description`, `status`, `deadline`, `createdAt`, `updatedAt`) VALUES (2, 1, 'Створити ER model', 'Створення діаграми для ER моделі', 'done', '2020-12-13 13:12:56', '2020-12-13 13:12:56', '2020-12-13 13:12:56');
INSERT INTO `mydb`.`common_task_1` (`id`, `project_id`, `name`, `description`, `status`, `deadline`, `createdAt`, `updatedAt`) VALUES (3, 1, 'Створити Use Cases', 'Створення Use Cases для повного функціоналу системи', 'done', '2020-12-13 13:12:56', '2020-12-13 13:12:56', '2020-12-13 13:12:56');

COMMIT;


-- -----------------------------------------------------
-- Data for table `mydb`.`project_user`
-- -----------------------------------------------------
START TRANSACTION;
USE `mydb`;
INSERT INTO `mydb`.`project_user` (`id`, `project_id`, `user_id`, `role`) VALUES (1, 1, 1, 'TeamLead');
INSERT INTO `mydb`.`project_user` (`id`, `project_id`, `user_id`, `role`) VALUES (2, 1, 2, 'Developer');
INSERT INTO `mydb`.`project_user` (`id`, `project_id`, `user_id`, `role`) VALUES (3, 1, 3, 'Developer');
INSERT INTO `mydb`.`project_user` (`id`, `project_id`, `user_id`, `role`) VALUES (4, 1, 4, 'Developer');
INSERT INTO `mydb`.`project_user` (`id`, `project_id`, `user_id`, `role`) VALUES (5, 1, 5, 'Developer');
INSERT INTO `mydb`.`project_user` (`id`, `project_id`, `user_id`, `role`) VALUES (6, 1, 6, 'Developer');
INSERT INTO `mydb`.`project_user` (`id`, `project_id`, `user_id`, `role`) VALUES (7, 1, 7, 'Developer');
INSERT INTO `mydb`.`project_user` (`id`, `project_id`, `user_id`, `role`) VALUES (8, 2, 1, 'TeamLead');
INSERT INTO `mydb`.`project_user` (`id`, `project_id`, `user_id`, `role`) VALUES (9, 2, 2, 'Developer');
INSERT INTO `mydb`.`project_user` (`id`, `project_id`, `user_id`, `role`) VALUES (10, 2, 3, 'Developer');

COMMIT;


-- -----------------------------------------------------
-- Data for table `mydb`.`user's order with requirements`
-- -----------------------------------------------------
START TRANSACTION;
USE `mydb`;
INSERT INTO `mydb`.`user's order with requirements` (`id`, `order_id`, `user_id`, `common_task_1_id`, `common_task_1_status`, `user_id`) VALUES (1, 1, 1, 3, 'Done', 1);
INSERT INTO `mydb`.`user's order with requirements` (`id`, `order_id`, `user_id`, `common_task_1_id`, `common_task_1_status`, `user_id`) VALUES (2, 2, 1, 3, 'Done', 2);
INSERT INTO `mydb`.`user's order with requirements` (`id`, `order_id`, `user_id`, `common_task_1_id`, `common_task_1_status`, `user_id`) VALUES (3, 3, 1, 3, 'Done', 3);
INSERT INTO `mydb`.`user's order with requirements` (`id`, `order_id`, `user_id`, `common_task_1_id`, `common_task_1_status`, `user_id`) VALUES (4, 3, 2, 3, 'Done', 4);
INSERT INTO `mydb`.`user's order with requirements` (`id`, `order_id`, `user_id`, `common_task_1_id`, `common_task_1_status`, `user_id`) VALUES (5, 3, 3, 3, 'Done', 5);
INSERT INTO `mydb`.`user's order with requirements` (`id`, `order_id`, `user_id`, `common_task_1_id`, `common_task_1_status`, `user_id`) VALUES (6, 3, 4, 3, 'Done', 6);
INSERT INTO `mydb`.`user's order with requirements` (`id`, `order_id`, `user_id`, `common_task_1_id`, `common_task_1_status`, `user_id`) VALUES (7, 3, 5, 3, 'Done', 7);

COMMIT;



-- -----------------------------------------------------
-- Data for table `projects_lab`.`artifact_task`
-- -----------------------------------------------------
START TRANSACTION;
USE `mydb`;
INSERT INTO `mydb`.`Projects` (`id`, `name`, `description`, `created_at`, `updated_at`) VALUES (1, 'obd_project', 'project for OBD subject', '2020-09-01 13:12:56', , '2020-12-13 13:12:56');

COMMIT;